<?xml version="1.0" encoding="UTF-8"?>
<export version="E">
  <design>
    <source>C:\Users\POLYGONTeam\Documents\Git\ztm_doc\PCBs\Lamps\Lamps_Type6\Lamps_Type5\Lamps_Type5.kicad_sch</source>
    <date>17.2.2023 г. 12:51:30</date>
    <tool>Eeschema (6.0.7)</tool>
    <sheet number="1" name="/" tstamps="/">
      <title_block>
        <title/>
        <company/>
        <rev/>
        <date/>
        <source>Lamps_Type5.kicad_sch</source>
        <comment number="1" value=""/>
        <comment number="2" value=""/>
        <comment number="3" value=""/>
        <comment number="4" value=""/>
        <comment number="5" value=""/>
        <comment number="6" value=""/>
        <comment number="7" value=""/>
        <comment number="8" value=""/>
        <comment number="9" value=""/>
      </title_block>
    </sheet>
  </design>
  <components>
    <comp ref="A1">
      <value>Arduino_Nano_v3.x</value>
      <footprint>Module:Arduino_Nano</footprint>
      <datasheet>http://www.mouser.com/pdfdocs/Gravitech_Arduino_Nano3_0.pdf</datasheet>
      <libsource lib="MCU_Module" part="Arduino_Nano_v3.x" description="Arduino Nano v3.x"/>
      <property name="Sheetname" value=""/>
      <property name="Sheetfile" value="Lamps_Type5.kicad_sch"/>
      <sheetpath names="/" tstamps="/"/>
      <tstamps>0c2a3815-6c03-402c-a203-b74e1fbbb48f</tstamps>
    </comp>
    <comp ref="C1">
      <value>100n</value>
      <footprint>Capacitor_SMD:C_0805_2012Metric_Pad1.18x1.45mm_HandSolder</footprint>
      <libsource lib="Device" part="C" description="Unpolarized capacitor"/>
      <property name="Sheetname" value=""/>
      <property name="Sheetfile" value="Lamps_Type5.kicad_sch"/>
      <sheetpath names="/" tstamps="/"/>
      <tstamps>6d5b91e5-c81f-4576-bb57-629a7693c3ce</tstamps>
    </comp>
    <comp ref="C2">
      <value>100n</value>
      <footprint>Capacitor_SMD:C_0805_2012Metric_Pad1.18x1.45mm_HandSolder</footprint>
      <libsource lib="Device" part="C" description="Unpolarized capacitor"/>
      <property name="Sheetname" value=""/>
      <property name="Sheetfile" value="Lamps_Type5.kicad_sch"/>
      <sheetpath names="/" tstamps="/"/>
      <tstamps>6aafad4d-b4cf-4355-891f-c3d5ee02b13d</tstamps>
    </comp>
    <comp ref="C3">
      <value>100n</value>
      <footprint>Capacitor_SMD:C_0805_2012Metric_Pad1.18x1.45mm_HandSolder</footprint>
      <libsource lib="Device" part="C" description="Unpolarized capacitor"/>
      <property name="Sheetname" value=""/>
      <property name="Sheetfile" value="Lamps_Type5.kicad_sch"/>
      <sheetpath names="/" tstamps="/"/>
      <tstamps>1c1730d2-b4ad-4ef0-8e2b-035d2682b0df</tstamps>
    </comp>
    <comp ref="C5">
      <value>100n</value>
      <footprint>Capacitor_SMD:C_0805_2012Metric_Pad1.18x1.45mm_HandSolder</footprint>
      <libsource lib="Device" part="C" description="Unpolarized capacitor"/>
      <property name="Sheetname" value=""/>
      <property name="Sheetfile" value="Lamps_Type5.kicad_sch"/>
      <sheetpath names="/" tstamps="/"/>
      <tstamps>519e2482-bf58-4a2c-ba93-9c6ae3056845</tstamps>
    </comp>
    <comp ref="C6">
      <value>100n</value>
      <footprint>Capacitor_SMD:C_0805_2012Metric_Pad1.18x1.45mm_HandSolder</footprint>
      <libsource lib="Device" part="C" description="Unpolarized capacitor"/>
      <property name="Sheetname" value=""/>
      <property name="Sheetfile" value="Lamps_Type5.kicad_sch"/>
      <sheetpath names="/" tstamps="/"/>
      <tstamps>a65d2dc2-ce6c-4b7d-9ced-7692f9d7de98</tstamps>
    </comp>
    <comp ref="C7">
      <value>100n</value>
      <footprint>Capacitor_SMD:C_0805_2012Metric_Pad1.18x1.45mm_HandSolder</footprint>
      <libsource lib="Device" part="C" description="Unpolarized capacitor"/>
      <property name="Sheetname" value=""/>
      <property name="Sheetfile" value="Lamps_Type5.kicad_sch"/>
      <sheetpath names="/" tstamps="/"/>
      <tstamps>d0f9b9cb-c648-40b4-9ed3-115123b51cd1</tstamps>
    </comp>
    <comp ref="C8">
      <value>100n</value>
      <footprint>Capacitor_SMD:C_0805_2012Metric_Pad1.18x1.45mm_HandSolder</footprint>
      <libsource lib="Device" part="C" description="Unpolarized capacitor"/>
      <property name="Sheetname" value=""/>
      <property name="Sheetfile" value="Lamps_Type5.kicad_sch"/>
      <sheetpath names="/" tstamps="/"/>
      <tstamps>b8558d18-29b7-45c4-9155-4efeda9dd13c</tstamps>
    </comp>
    <comp ref="C10">
      <value>100n</value>
      <footprint>Capacitor_SMD:C_0805_2012Metric_Pad1.18x1.45mm_HandSolder</footprint>
      <libsource lib="Device" part="C" description="Unpolarized capacitor"/>
      <property name="Sheetname" value=""/>
      <property name="Sheetfile" value="Lamps_Type5.kicad_sch"/>
      <sheetpath names="/" tstamps="/"/>
      <tstamps>96ceb988-6ff4-4b75-bd25-f1a0ba864279</tstamps>
    </comp>
    <comp ref="C11">
      <value>100n</value>
      <footprint>Capacitor_SMD:C_0805_2012Metric_Pad1.18x1.45mm_HandSolder</footprint>
      <libsource lib="Device" part="C" description="Unpolarized capacitor"/>
      <property name="Sheetname" value=""/>
      <property name="Sheetfile" value="Lamps_Type5.kicad_sch"/>
      <sheetpath names="/" tstamps="/"/>
      <tstamps>97b13bdd-86ef-468e-8c76-1c76f436c517</tstamps>
    </comp>
    <comp ref="C12">
      <value>100n</value>
      <footprint>Capacitor_SMD:C_0805_2012Metric_Pad1.18x1.45mm_HandSolder</footprint>
      <libsource lib="Device" part="C" description="Unpolarized capacitor"/>
      <property name="Sheetname" value=""/>
      <property name="Sheetfile" value="Lamps_Type5.kicad_sch"/>
      <sheetpath names="/" tstamps="/"/>
      <tstamps>5debf692-5423-4f98-a70a-19f0d1a5084f</tstamps>
    </comp>
    <comp ref="C13">
      <value>100n</value>
      <footprint>Capacitor_SMD:C_0805_2012Metric_Pad1.18x1.45mm_HandSolder</footprint>
      <libsource lib="Device" part="C" description="Unpolarized capacitor"/>
      <property name="Sheetname" value=""/>
      <property name="Sheetfile" value="Lamps_Type5.kicad_sch"/>
      <sheetpath names="/" tstamps="/"/>
      <tstamps>f57661e2-e73b-4411-b3ed-e8774528c18c</tstamps>
    </comp>
    <comp ref="C15">
      <value>1000u/63V</value>
      <footprint>Capacitor_THT:C_Radial_D16.0mm_H25.0mm_P7.50mm</footprint>
      <libsource lib="Device" part="C_Polarized" description="Polarized capacitor"/>
      <property name="Sheetname" value=""/>
      <property name="Sheetfile" value="Lamps_Type5.kicad_sch"/>
      <sheetpath names="/" tstamps="/"/>
      <tstamps>079d4b19-8ff7-49d6-a637-4dac366d9af3</tstamps>
    </comp>
    <comp ref="C16">
      <value>1000u/63V</value>
      <footprint>Capacitor_THT:C_Radial_D16.0mm_H25.0mm_P7.50mm</footprint>
      <libsource lib="Device" part="C_Polarized" description="Polarized capacitor"/>
      <property name="Sheetname" value=""/>
      <property name="Sheetfile" value="Lamps_Type5.kicad_sch"/>
      <sheetpath names="/" tstamps="/"/>
      <tstamps>0c9660c7-21b7-41a3-9528-2d3607bd4aa4</tstamps>
    </comp>
    <comp ref="C17">
      <value>1000u/63V</value>
      <footprint>Capacitor_THT:C_Radial_D16.0mm_H25.0mm_P7.50mm</footprint>
      <libsource lib="Device" part="C_Polarized" description="Polarized capacitor"/>
      <property name="Sheetname" value=""/>
      <property name="Sheetfile" value="Lamps_Type5.kicad_sch"/>
      <sheetpath names="/" tstamps="/"/>
      <tstamps>4067f6c5-6285-4384-a8db-e18423f5ecb6</tstamps>
    </comp>
    <comp ref="C18">
      <value>1000u/63V</value>
      <footprint>Capacitor_THT:C_Radial_D16.0mm_H25.0mm_P7.50mm</footprint>
      <libsource lib="Device" part="C_Polarized" description="Polarized capacitor"/>
      <property name="Sheetname" value=""/>
      <property name="Sheetfile" value="Lamps_Type5.kicad_sch"/>
      <sheetpath names="/" tstamps="/"/>
      <tstamps>afdf24d3-8f26-479c-a234-11e9edd025fd</tstamps>
    </comp>
    <comp ref="C19">
      <value>100n</value>
      <footprint>Capacitor_SMD:C_0805_2012Metric_Pad1.18x1.45mm_HandSolder</footprint>
      <libsource lib="Device" part="C" description="Unpolarized capacitor"/>
      <property name="Sheetname" value=""/>
      <property name="Sheetfile" value="Lamps_Type5.kicad_sch"/>
      <sheetpath names="/" tstamps="/"/>
      <tstamps>34a5ac80-3361-4d0d-ae93-faed704d3da4</tstamps>
    </comp>
    <comp ref="C20">
      <value>100n</value>
      <footprint>Capacitor_SMD:C_0805_2012Metric_Pad1.18x1.45mm_HandSolder</footprint>
      <libsource lib="Device" part="C" description="Unpolarized capacitor"/>
      <property name="Sheetname" value=""/>
      <property name="Sheetfile" value="Lamps_Type5.kicad_sch"/>
      <sheetpath names="/" tstamps="/"/>
      <tstamps>f1a8595d-f08b-4abb-8e61-73454a036f06</tstamps>
    </comp>
    <comp ref="C21">
      <value>100n</value>
      <footprint>Capacitor_SMD:C_0805_2012Metric_Pad1.18x1.45mm_HandSolder</footprint>
      <libsource lib="Device" part="C" description="Unpolarized capacitor"/>
      <property name="Sheetname" value=""/>
      <property name="Sheetfile" value="Lamps_Type5.kicad_sch"/>
      <sheetpath names="/" tstamps="/"/>
      <tstamps>af588d58-f037-456c-8761-c184fb3dc8f1</tstamps>
    </comp>
    <comp ref="C22">
      <value>100n</value>
      <footprint>Capacitor_SMD:C_0805_2012Metric_Pad1.18x1.45mm_HandSolder</footprint>
      <libsource lib="Device" part="C" description="Unpolarized capacitor"/>
      <property name="Sheetname" value=""/>
      <property name="Sheetfile" value="Lamps_Type5.kicad_sch"/>
      <sheetpath names="/" tstamps="/"/>
      <tstamps>154bf4bf-78d1-48ee-ba4d-d2768e52936a</tstamps>
    </comp>
    <comp ref="C23">
      <value>100n</value>
      <footprint>Capacitor_SMD:C_0805_2012Metric_Pad1.18x1.45mm_HandSolder</footprint>
      <libsource lib="Device" part="C" description="Unpolarized capacitor"/>
      <property name="Sheetname" value=""/>
      <property name="Sheetfile" value="Lamps_Type5.kicad_sch"/>
      <sheetpath names="/" tstamps="/"/>
      <tstamps>7ef94e9f-522e-469f-abab-821dc91e6001</tstamps>
    </comp>
    <comp ref="C24">
      <value>1000u/63V</value>
      <footprint>Capacitor_THT:C_Radial_D16.0mm_H25.0mm_P7.50mm</footprint>
      <libsource lib="Device" part="C_Polarized" description="Polarized capacitor"/>
      <property name="Sheetname" value=""/>
      <property name="Sheetfile" value="Lamps_Type5.kicad_sch"/>
      <sheetpath names="/" tstamps="/"/>
      <tstamps>06f550d7-a68a-4709-a192-eef228cfea99</tstamps>
    </comp>
    <comp ref="C25">
      <value>1000u/63V</value>
      <footprint>Capacitor_THT:C_Radial_D16.0mm_H25.0mm_P7.50mm</footprint>
      <libsource lib="Device" part="C_Polarized" description="Polarized capacitor"/>
      <property name="Sheetname" value=""/>
      <property name="Sheetfile" value="Lamps_Type5.kicad_sch"/>
      <sheetpath names="/" tstamps="/"/>
      <tstamps>67b2dcaa-c231-40a5-847f-12b086c5e54e</tstamps>
    </comp>
    <comp ref="C26">
      <value>100n</value>
      <footprint>Capacitor_SMD:C_0805_2012Metric_Pad1.18x1.45mm_HandSolder</footprint>
      <libsource lib="Device" part="C" description="Unpolarized capacitor"/>
      <property name="Sheetname" value=""/>
      <property name="Sheetfile" value="Lamps_Type5.kicad_sch"/>
      <sheetpath names="/" tstamps="/"/>
      <tstamps>016e14ca-1ee3-4f3a-a840-01e11397e532</tstamps>
    </comp>
    <comp ref="J1">
      <value>Conn_01x02_Male</value>
      <footprint>Connector_Phoenix_MSTB:PhoenixContact_MSTBVA_2,5_2-G-5,08_1x02_P5.08mm_Vertical</footprint>
      <libsource lib="Connector" part="Conn_01x02_Male" description="Generic connector, single row, 01x02, script generated (kicad-library-utils/schlib/autogen/connector/)"/>
      <property name="Sheetname" value=""/>
      <property name="Sheetfile" value="Lamps_Type5.kicad_sch"/>
      <sheetpath names="/" tstamps="/"/>
      <tstamps>959ed9d0-4165-4aa6-80a7-dd5dd640e6ea</tstamps>
    </comp>
    <comp ref="J2">
      <value>Conn_01x04_Female</value>
      <footprint>Connector_PinHeader_2.54mm:PinHeader_1x04_P2.54mm_Vertical</footprint>
      <libsource lib="Connector" part="Conn_01x04_Female" description="Generic connector, single row, 01x04, script generated (kicad-library-utils/schlib/autogen/connector/)"/>
      <property name="Sheetname" value=""/>
      <property name="Sheetfile" value="Lamps_Type5.kicad_sch"/>
      <sheetpath names="/" tstamps="/"/>
      <tstamps>69ea461d-e38d-4cce-918a-7d5b965399cf</tstamps>
    </comp>
    <comp ref="J3">
      <value>Conn_01x04_Female</value>
      <footprint>Connector_PinHeader_2.54mm:PinHeader_1x04_P2.54mm_Vertical</footprint>
      <libsource lib="Connector" part="Conn_01x04_Female" description="Generic connector, single row, 01x04, script generated (kicad-library-utils/schlib/autogen/connector/)"/>
      <property name="Sheetname" value=""/>
      <property name="Sheetfile" value="Lamps_Type5.kicad_sch"/>
      <sheetpath names="/" tstamps="/"/>
      <tstamps>0a2f58ba-7dd6-473b-ac23-98a5cabeab5c</tstamps>
    </comp>
    <comp ref="J4">
      <value>Conn_01x02_Male</value>
      <footprint>Connector_Phoenix_MSTB:PhoenixContact_MSTBVA_2,5_2-G-5,08_1x02_P5.08mm_Vertical</footprint>
      <libsource lib="Connector" part="Conn_01x02_Male" description="Generic connector, single row, 01x02, script generated (kicad-library-utils/schlib/autogen/connector/)"/>
      <property name="Sheetname" value=""/>
      <property name="Sheetfile" value="Lamps_Type5.kicad_sch"/>
      <sheetpath names="/" tstamps="/"/>
      <tstamps>48b6b6a5-38e6-43c5-8017-45efd995795b</tstamps>
    </comp>
    <comp ref="J5">
      <value>Conn_01x02_Male</value>
      <footprint>Connector_Phoenix_MSTB:PhoenixContact_MSTBVA_2,5_2-G-5,08_1x02_P5.08mm_Vertical</footprint>
      <libsource lib="Connector" part="Conn_01x02_Male" description="Generic connector, single row, 01x02, script generated (kicad-library-utils/schlib/autogen/connector/)"/>
      <property name="Sheetname" value=""/>
      <property name="Sheetfile" value="Lamps_Type5.kicad_sch"/>
      <sheetpath names="/" tstamps="/"/>
      <tstamps>732bce60-56b2-44e9-b718-cc06364cab1c</tstamps>
    </comp>
    <comp ref="J6">
      <value>Conn_01x02_Male</value>
      <footprint>Connector_Phoenix_MSTB:PhoenixContact_MSTBVA_2,5_2-G-5,08_1x02_P5.08mm_Vertical</footprint>
      <libsource lib="Connector" part="Conn_01x02_Male" description="Generic connector, single row, 01x02, script generated (kicad-library-utils/schlib/autogen/connector/)"/>
      <property name="Sheetname" value=""/>
      <property name="Sheetfile" value="Lamps_Type5.kicad_sch"/>
      <sheetpath names="/" tstamps="/"/>
      <tstamps>44ca673c-179c-4c7b-a15d-ddba5e1156a1</tstamps>
    </comp>
    <comp ref="J7">
      <value>Conn_01x02_Male</value>
      <footprint>Connector_Phoenix_MSTB:PhoenixContact_MSTBVA_2,5_2-G-5,08_1x02_P5.08mm_Vertical</footprint>
      <libsource lib="Connector" part="Conn_01x02_Male" description="Generic connector, single row, 01x02, script generated (kicad-library-utils/schlib/autogen/connector/)"/>
      <property name="Sheetname" value=""/>
      <property name="Sheetfile" value="Lamps_Type5.kicad_sch"/>
      <sheetpath names="/" tstamps="/"/>
      <tstamps>12afe389-0e8f-4878-ab50-55a734dfc7c8</tstamps>
    </comp>
    <comp ref="J8">
      <value>Conn_01x02_Male</value>
      <footprint>Connector_Phoenix_MSTB:PhoenixContact_MSTBVA_2,5_2-G-5,08_1x02_P5.08mm_Vertical</footprint>
      <libsource lib="Connector" part="Conn_01x02_Male" description="Generic connector, single row, 01x02, script generated (kicad-library-utils/schlib/autogen/connector/)"/>
      <property name="Sheetname" value=""/>
      <property name="Sheetfile" value="Lamps_Type5.kicad_sch"/>
      <sheetpath names="/" tstamps="/"/>
      <tstamps>f0c0177a-c50e-41c8-a297-d1f18672251f</tstamps>
    </comp>
    <comp ref="J9">
      <value>Conn_01x02_Male</value>
      <footprint>Connector_Phoenix_MSTB:PhoenixContact_MSTBVA_2,5_2-G-5,08_1x02_P5.08mm_Vertical</footprint>
      <libsource lib="Connector" part="Conn_01x02_Male" description="Generic connector, single row, 01x02, script generated (kicad-library-utils/schlib/autogen/connector/)"/>
      <property name="Sheetname" value=""/>
      <property name="Sheetfile" value="Lamps_Type5.kicad_sch"/>
      <sheetpath names="/" tstamps="/"/>
      <tstamps>6d8f5162-9f8d-4fac-aa3b-917df3182f2f</tstamps>
    </comp>
    <comp ref="J10">
      <value>Conn_01x02_Male</value>
      <footprint>Connector_Phoenix_MSTB:PhoenixContact_MSTBVA_2,5_2-G-5,08_1x02_P5.08mm_Vertical</footprint>
      <libsource lib="Connector" part="Conn_01x02_Male" description="Generic connector, single row, 01x02, script generated (kicad-library-utils/schlib/autogen/connector/)"/>
      <property name="Sheetname" value=""/>
      <property name="Sheetfile" value="Lamps_Type5.kicad_sch"/>
      <sheetpath names="/" tstamps="/"/>
      <tstamps>d921806d-c409-44e1-be7e-928492cea36f</tstamps>
    </comp>
    <comp ref="Q1">
      <value>BC517</value>
      <footprint>Package_TO_SOT_THT:TO-92_Inline</footprint>
      <datasheet>https://www.onsemi.com/pub/Collateral/BC517-D74Z-D.PDF</datasheet>
      <libsource lib="Transistor_BJT" part="BC517" description="1A Ic, 30V Vce, Darlington NPN Transistor, TO-92"/>
      <property name="Sheetname" value=""/>
      <property name="Sheetfile" value="Lamps_Type5.kicad_sch"/>
      <sheetpath names="/" tstamps="/"/>
      <tstamps>cc3507a1-09ad-4d02-905a-98bf6f43df0e</tstamps>
    </comp>
    <comp ref="Q2">
      <value>BC517</value>
      <footprint>Package_TO_SOT_THT:TO-92_Inline</footprint>
      <datasheet>https://www.onsemi.com/pub/Collateral/BC517-D74Z-D.PDF</datasheet>
      <libsource lib="Transistor_BJT" part="BC517" description="1A Ic, 30V Vce, Darlington NPN Transistor, TO-92"/>
      <property name="Sheetname" value=""/>
      <property name="Sheetfile" value="Lamps_Type5.kicad_sch"/>
      <sheetpath names="/" tstamps="/"/>
      <tstamps>9402efe5-b8b6-405f-b02f-9cb9308b43a2</tstamps>
    </comp>
    <comp ref="Q3">
      <value>BC517</value>
      <footprint>Package_TO_SOT_THT:TO-92_Inline</footprint>
      <datasheet>https://www.onsemi.com/pub/Collateral/BC517-D74Z-D.PDF</datasheet>
      <libsource lib="Transistor_BJT" part="BC517" description="1A Ic, 30V Vce, Darlington NPN Transistor, TO-92"/>
      <property name="Sheetname" value=""/>
      <property name="Sheetfile" value="Lamps_Type5.kicad_sch"/>
      <sheetpath names="/" tstamps="/"/>
      <tstamps>a0ddd02a-27bc-4f03-91ae-7c99066cd822</tstamps>
    </comp>
    <comp ref="Q4">
      <value>BC517</value>
      <footprint>Package_TO_SOT_THT:TO-92_Inline</footprint>
      <datasheet>https://www.onsemi.com/pub/Collateral/BC517-D74Z-D.PDF</datasheet>
      <libsource lib="Transistor_BJT" part="BC517" description="1A Ic, 30V Vce, Darlington NPN Transistor, TO-92"/>
      <property name="Sheetname" value=""/>
      <property name="Sheetfile" value="Lamps_Type5.kicad_sch"/>
      <sheetpath names="/" tstamps="/"/>
      <tstamps>bb497714-9138-4107-a596-a484971a5cdc</tstamps>
    </comp>
    <comp ref="Q5">
      <value>BC517</value>
      <footprint>Package_TO_SOT_THT:TO-92_Inline</footprint>
      <datasheet>https://www.onsemi.com/pub/Collateral/BC517-D74Z-D.PDF</datasheet>
      <libsource lib="Transistor_BJT" part="BC517" description="1A Ic, 30V Vce, Darlington NPN Transistor, TO-92"/>
      <property name="Sheetname" value=""/>
      <property name="Sheetfile" value="Lamps_Type5.kicad_sch"/>
      <sheetpath names="/" tstamps="/"/>
      <tstamps>2a6ecddb-4f52-4f44-9c90-e41cdeff85a4</tstamps>
    </comp>
    <comp ref="Q6">
      <value>BC517</value>
      <footprint>Package_TO_SOT_THT:TO-92_Inline</footprint>
      <datasheet>https://www.onsemi.com/pub/Collateral/BC517-D74Z-D.PDF</datasheet>
      <libsource lib="Transistor_BJT" part="BC517" description="1A Ic, 30V Vce, Darlington NPN Transistor, TO-92"/>
      <property name="Sheetname" value=""/>
      <property name="Sheetfile" value="Lamps_Type5.kicad_sch"/>
      <sheetpath names="/" tstamps="/"/>
      <tstamps>9f7c80fc-0cad-49de-8aac-2af844826df6</tstamps>
    </comp>
    <comp ref="R1">
      <value>100k</value>
      <footprint>Resistor_SMD:R_0805_2012Metric_Pad1.20x1.40mm_HandSolder</footprint>
      <libsource lib="Device" part="R" description="Resistor"/>
      <property name="Sheetname" value=""/>
      <property name="Sheetfile" value="Lamps_Type5.kicad_sch"/>
      <sheetpath names="/" tstamps="/"/>
      <tstamps>1c6b4b39-5922-4bb2-ab76-41bd3ce270b4</tstamps>
    </comp>
    <comp ref="R2">
      <value>100k</value>
      <footprint>Resistor_SMD:R_0805_2012Metric_Pad1.20x1.40mm_HandSolder</footprint>
      <libsource lib="Device" part="R" description="Resistor"/>
      <property name="Sheetname" value=""/>
      <property name="Sheetfile" value="Lamps_Type5.kicad_sch"/>
      <sheetpath names="/" tstamps="/"/>
      <tstamps>11fc5090-1657-48c0-b9ea-ce87f468ad9a</tstamps>
    </comp>
    <comp ref="R3">
      <value>100k</value>
      <footprint>Resistor_SMD:R_0805_2012Metric_Pad1.20x1.40mm_HandSolder</footprint>
      <libsource lib="Device" part="R" description="Resistor"/>
      <property name="Sheetname" value=""/>
      <property name="Sheetfile" value="Lamps_Type5.kicad_sch"/>
      <sheetpath names="/" tstamps="/"/>
      <tstamps>07372698-1a85-49b7-99e3-aed9925eb8a2</tstamps>
    </comp>
    <comp ref="R4">
      <value>100k</value>
      <footprint>Resistor_SMD:R_0805_2012Metric_Pad1.20x1.40mm_HandSolder</footprint>
      <libsource lib="Device" part="R" description="Resistor"/>
      <property name="Sheetname" value=""/>
      <property name="Sheetfile" value="Lamps_Type5.kicad_sch"/>
      <sheetpath names="/" tstamps="/"/>
      <tstamps>969479d3-3db9-45be-be25-1266e4f837c5</tstamps>
    </comp>
    <comp ref="R5">
      <value>100k</value>
      <footprint>Resistor_SMD:R_0805_2012Metric_Pad1.20x1.40mm_HandSolder</footprint>
      <libsource lib="Device" part="R" description="Resistor"/>
      <property name="Sheetname" value=""/>
      <property name="Sheetfile" value="Lamps_Type5.kicad_sch"/>
      <sheetpath names="/" tstamps="/"/>
      <tstamps>b20476a8-a836-4925-8737-c37f27dee9a1</tstamps>
    </comp>
    <comp ref="R6">
      <value>100k</value>
      <footprint>Resistor_SMD:R_0805_2012Metric_Pad1.20x1.40mm_HandSolder</footprint>
      <libsource lib="Device" part="R" description="Resistor"/>
      <property name="Sheetname" value=""/>
      <property name="Sheetfile" value="Lamps_Type5.kicad_sch"/>
      <sheetpath names="/" tstamps="/"/>
      <tstamps>c0d7fcac-9f66-4323-8e32-fe507142373e</tstamps>
    </comp>
    <comp ref="R7">
      <value>100k</value>
      <footprint>Resistor_SMD:R_0805_2012Metric_Pad1.20x1.40mm_HandSolder</footprint>
      <libsource lib="Device" part="R" description="Resistor"/>
      <property name="Sheetname" value=""/>
      <property name="Sheetfile" value="Lamps_Type5.kicad_sch"/>
      <sheetpath names="/" tstamps="/"/>
      <tstamps>6a542b71-7e68-4cce-93f1-89867ff87553</tstamps>
    </comp>
    <comp ref="R8">
      <value>100k</value>
      <footprint>Resistor_SMD:R_0805_2012Metric_Pad1.20x1.40mm_HandSolder</footprint>
      <libsource lib="Device" part="R" description="Resistor"/>
      <property name="Sheetname" value=""/>
      <property name="Sheetfile" value="Lamps_Type5.kicad_sch"/>
      <sheetpath names="/" tstamps="/"/>
      <tstamps>6cc51488-2db3-4ad2-bcec-45e564d1abc4</tstamps>
    </comp>
    <comp ref="R9">
      <value>10k</value>
      <footprint>Resistor_SMD:R_0805_2012Metric_Pad1.20x1.40mm_HandSolder</footprint>
      <libsource lib="Device" part="R" description="Resistor"/>
      <property name="Sheetname" value=""/>
      <property name="Sheetfile" value="Lamps_Type5.kicad_sch"/>
      <sheetpath names="/" tstamps="/"/>
      <tstamps>fb91eff7-9281-49c8-a0e8-da4fa65e5def</tstamps>
    </comp>
    <comp ref="R10">
      <value>10k</value>
      <footprint>Resistor_SMD:R_0805_2012Metric_Pad1.20x1.40mm_HandSolder</footprint>
      <libsource lib="Device" part="R" description="Resistor"/>
      <property name="Sheetname" value=""/>
      <property name="Sheetfile" value="Lamps_Type5.kicad_sch"/>
      <sheetpath names="/" tstamps="/"/>
      <tstamps>43a44ddf-5f0e-4460-9f80-12ba3ee305f7</tstamps>
    </comp>
    <comp ref="R11">
      <value>10k</value>
      <footprint>Resistor_SMD:R_0805_2012Metric_Pad1.20x1.40mm_HandSolder</footprint>
      <libsource lib="Device" part="R" description="Resistor"/>
      <property name="Sheetname" value=""/>
      <property name="Sheetfile" value="Lamps_Type5.kicad_sch"/>
      <sheetpath names="/" tstamps="/"/>
      <tstamps>40e172c7-4bed-45f9-8bb0-5a4a0f8fb125</tstamps>
    </comp>
    <comp ref="R12">
      <value>10k</value>
      <footprint>Resistor_SMD:R_0805_2012Metric_Pad1.20x1.40mm_HandSolder</footprint>
      <libsource lib="Device" part="R" description="Resistor"/>
      <property name="Sheetname" value=""/>
      <property name="Sheetfile" value="Lamps_Type5.kicad_sch"/>
      <sheetpath names="/" tstamps="/"/>
      <tstamps>f4bd08b5-9ec0-476f-a88a-05a03feaa13e</tstamps>
    </comp>
    <comp ref="R13">
      <value>10k</value>
      <footprint>Resistor_SMD:R_0805_2012Metric_Pad1.20x1.40mm_HandSolder</footprint>
      <libsource lib="Device" part="R" description="Resistor"/>
      <property name="Sheetname" value=""/>
      <property name="Sheetfile" value="Lamps_Type5.kicad_sch"/>
      <sheetpath names="/" tstamps="/"/>
      <tstamps>57be9cda-c116-4aef-b2c1-73c99ec5b9ce</tstamps>
    </comp>
    <comp ref="R14">
      <value>10k</value>
      <footprint>Resistor_SMD:R_0805_2012Metric_Pad1.20x1.40mm_HandSolder</footprint>
      <libsource lib="Device" part="R" description="Resistor"/>
      <property name="Sheetname" value=""/>
      <property name="Sheetfile" value="Lamps_Type5.kicad_sch"/>
      <sheetpath names="/" tstamps="/"/>
      <tstamps>b4bb5128-dde9-4de8-a589-dfcaa4e8517c</tstamps>
    </comp>
    <comp ref="R15">
      <value>10k</value>
      <footprint>Resistor_SMD:R_0805_2012Metric_Pad1.20x1.40mm_HandSolder</footprint>
      <libsource lib="Device" part="R" description="Resistor"/>
      <property name="Sheetname" value=""/>
      <property name="Sheetfile" value="Lamps_Type5.kicad_sch"/>
      <sheetpath names="/" tstamps="/"/>
      <tstamps>81ab6598-b85c-485d-ad3e-4728ec7b7295</tstamps>
    </comp>
    <comp ref="R16">
      <value>10k</value>
      <footprint>Resistor_SMD:R_0805_2012Metric_Pad1.20x1.40mm_HandSolder</footprint>
      <libsource lib="Device" part="R" description="Resistor"/>
      <property name="Sheetname" value=""/>
      <property name="Sheetfile" value="Lamps_Type5.kicad_sch"/>
      <sheetpath names="/" tstamps="/"/>
      <tstamps>5bbb2c4d-113b-4b7e-b0c7-849065b15fde</tstamps>
    </comp>
    <comp ref="R17">
      <value>60/2W</value>
      <footprint>Resistor_THT:R_Axial_Power_L25.0mm_W9.0mm_P10.16mm_Vertical</footprint>
      <libsource lib="Device" part="R" description="Resistor"/>
      <property name="Sheetname" value=""/>
      <property name="Sheetfile" value="Lamps_Type5.kicad_sch"/>
      <sheetpath names="/" tstamps="/"/>
      <tstamps>5173a28b-94a8-4ad7-88fa-146afd9812d5</tstamps>
    </comp>
    <comp ref="R18">
      <value>60/2W</value>
      <footprint>Resistor_THT:R_Axial_Power_L25.0mm_W9.0mm_P10.16mm_Vertical</footprint>
      <libsource lib="Device" part="R" description="Resistor"/>
      <property name="Sheetname" value=""/>
      <property name="Sheetfile" value="Lamps_Type5.kicad_sch"/>
      <sheetpath names="/" tstamps="/"/>
      <tstamps>878caeaf-7a9a-4c70-b658-e2b6a5d55ef3</tstamps>
    </comp>
    <comp ref="R19">
      <value>60/2W</value>
      <footprint>Resistor_THT:R_Axial_Power_L25.0mm_W9.0mm_P10.16mm_Vertical</footprint>
      <libsource lib="Device" part="R" description="Resistor"/>
      <property name="Sheetname" value=""/>
      <property name="Sheetfile" value="Lamps_Type5.kicad_sch"/>
      <sheetpath names="/" tstamps="/"/>
      <tstamps>b2826c45-caa7-4d8b-9ec4-51a88f54f842</tstamps>
    </comp>
    <comp ref="R20">
      <value>60/2W</value>
      <footprint>Resistor_THT:R_Axial_Power_L25.0mm_W9.0mm_P10.16mm_Vertical</footprint>
      <libsource lib="Device" part="R" description="Resistor"/>
      <property name="Sheetname" value=""/>
      <property name="Sheetfile" value="Lamps_Type5.kicad_sch"/>
      <sheetpath names="/" tstamps="/"/>
      <tstamps>c8ddb61a-6cd4-4b9c-9b43-9bbbef307344</tstamps>
    </comp>
    <comp ref="R21">
      <value>100k</value>
      <footprint>Resistor_SMD:R_0805_2012Metric_Pad1.20x1.40mm_HandSolder</footprint>
      <libsource lib="Device" part="R" description="Resistor"/>
      <property name="Sheetname" value=""/>
      <property name="Sheetfile" value="Lamps_Type5.kicad_sch"/>
      <sheetpath names="/" tstamps="/"/>
      <tstamps>b3dd2c2a-3017-4954-a350-1923591e44d1</tstamps>
    </comp>
    <comp ref="R22">
      <value>100k</value>
      <footprint>Resistor_SMD:R_0805_2012Metric_Pad1.20x1.40mm_HandSolder</footprint>
      <libsource lib="Device" part="R" description="Resistor"/>
      <property name="Sheetname" value=""/>
      <property name="Sheetfile" value="Lamps_Type5.kicad_sch"/>
      <sheetpath names="/" tstamps="/"/>
      <tstamps>2bb5a20a-5c79-4197-ae41-0fab15eb0342</tstamps>
    </comp>
    <comp ref="R23">
      <value>100k</value>
      <footprint>Resistor_SMD:R_0805_2012Metric_Pad1.20x1.40mm_HandSolder</footprint>
      <libsource lib="Device" part="R" description="Resistor"/>
      <property name="Sheetname" value=""/>
      <property name="Sheetfile" value="Lamps_Type5.kicad_sch"/>
      <sheetpath names="/" tstamps="/"/>
      <tstamps>55ac9617-2bc9-4895-a035-ad4f76d09a43</tstamps>
    </comp>
    <comp ref="R24">
      <value>100k</value>
      <footprint>Resistor_SMD:R_0805_2012Metric_Pad1.20x1.40mm_HandSolder</footprint>
      <libsource lib="Device" part="R" description="Resistor"/>
      <property name="Sheetname" value=""/>
      <property name="Sheetfile" value="Lamps_Type5.kicad_sch"/>
      <sheetpath names="/" tstamps="/"/>
      <tstamps>c580f30d-54d6-4132-9930-181b0310ed36</tstamps>
    </comp>
    <comp ref="R25">
      <value>10k</value>
      <footprint>Resistor_SMD:R_0805_2012Metric_Pad1.20x1.40mm_HandSolder</footprint>
      <libsource lib="Device" part="R" description="Resistor"/>
      <property name="Sheetname" value=""/>
      <property name="Sheetfile" value="Lamps_Type5.kicad_sch"/>
      <sheetpath names="/" tstamps="/"/>
      <tstamps>c2483a4c-1426-4b7b-92b8-bc5fbebd576c</tstamps>
    </comp>
    <comp ref="R26">
      <value>10k</value>
      <footprint>Resistor_SMD:R_0805_2012Metric_Pad1.20x1.40mm_HandSolder</footprint>
      <libsource lib="Device" part="R" description="Resistor"/>
      <property name="Sheetname" value=""/>
      <property name="Sheetfile" value="Lamps_Type5.kicad_sch"/>
      <sheetpath names="/" tstamps="/"/>
      <tstamps>fec424e7-baeb-4149-9587-b590d13e5bd7</tstamps>
    </comp>
    <comp ref="R27">
      <value>10k</value>
      <footprint>Resistor_SMD:R_0805_2012Metric_Pad1.20x1.40mm_HandSolder</footprint>
      <libsource lib="Device" part="R" description="Resistor"/>
      <property name="Sheetname" value=""/>
      <property name="Sheetfile" value="Lamps_Type5.kicad_sch"/>
      <sheetpath names="/" tstamps="/"/>
      <tstamps>db112393-892b-4b69-87db-a8da20706fa9</tstamps>
    </comp>
    <comp ref="R28">
      <value>10k</value>
      <footprint>Resistor_SMD:R_0805_2012Metric_Pad1.20x1.40mm_HandSolder</footprint>
      <libsource lib="Device" part="R" description="Resistor"/>
      <property name="Sheetname" value=""/>
      <property name="Sheetfile" value="Lamps_Type5.kicad_sch"/>
      <sheetpath names="/" tstamps="/"/>
      <tstamps>35d5f5ec-5095-4e53-849b-c3d35690748b</tstamps>
    </comp>
    <comp ref="R29">
      <value>60/2W</value>
      <footprint>Resistor_THT:R_Axial_Power_L25.0mm_W9.0mm_P10.16mm_Vertical</footprint>
      <libsource lib="Device" part="R" description="Resistor"/>
      <property name="Sheetname" value=""/>
      <property name="Sheetfile" value="Lamps_Type5.kicad_sch"/>
      <sheetpath names="/" tstamps="/"/>
      <tstamps>432225e7-7c64-4ca6-918c-cb34fee64ac8</tstamps>
    </comp>
    <comp ref="R30">
      <value>60/2W</value>
      <footprint>Resistor_THT:R_Axial_Power_L25.0mm_W9.0mm_P10.16mm_Vertical</footprint>
      <libsource lib="Device" part="R" description="Resistor"/>
      <property name="Sheetname" value=""/>
      <property name="Sheetfile" value="Lamps_Type5.kicad_sch"/>
      <sheetpath names="/" tstamps="/"/>
      <tstamps>09deeb8a-8997-48ad-b429-e81b77899d4d</tstamps>
    </comp>
    <comp ref="U1">
      <value>LM358</value>
      <footprint>Package_SO:SO-8_3.9x4.9mm_P1.27mm</footprint>
      <datasheet>http://www.ti.com/lit/ds/symlink/lm2904-n.pdf</datasheet>
      <libsource lib="Amplifier_Operational" part="LM358" description="Low-Power, Dual Operational Amplifiers, DIP-8/SOIC-8/TO-99-8"/>
      <property name="Sheetname" value=""/>
      <property name="Sheetfile" value="Lamps_Type5.kicad_sch"/>
      <sheetpath names="/" tstamps="/"/>
      <tstamps>9cf8d272-bd88-4cc6-80dd-0218806e82e4 8e9f5f32-127c-4f82-8918-e577d9e76e04 85e37f2f-7f12-4253-9c4d-71b74402bc18</tstamps>
    </comp>
    <comp ref="U2">
      <value>LM358</value>
      <footprint>Package_SO:SO-8_3.9x4.9mm_P1.27mm</footprint>
      <datasheet>http://www.ti.com/lit/ds/symlink/lm2904-n.pdf</datasheet>
      <libsource lib="Amplifier_Operational" part="LM358" description="Low-Power, Dual Operational Amplifiers, DIP-8/SOIC-8/TO-99-8"/>
      <property name="Sheetname" value=""/>
      <property name="Sheetfile" value="Lamps_Type5.kicad_sch"/>
      <sheetpath names="/" tstamps="/"/>
      <tstamps>c32c168b-6e80-4276-bd2d-16266784900d 7fef078d-e747-45d1-89eb-0dec01959d1a 3134d008-7d33-463c-baa2-b6e05f043a16</tstamps>
    </comp>
    <comp ref="U3">
      <value>LM358</value>
      <footprint>Package_SO:SO-8_3.9x4.9mm_P1.27mm</footprint>
      <datasheet>http://www.ti.com/lit/ds/symlink/lm2904-n.pdf</datasheet>
      <libsource lib="Amplifier_Operational" part="LM358" description="Low-Power, Dual Operational Amplifiers, DIP-8/SOIC-8/TO-99-8"/>
      <property name="Sheetname" value=""/>
      <property name="Sheetfile" value="Lamps_Type5.kicad_sch"/>
      <sheetpath names="/" tstamps="/"/>
      <tstamps>ed01f0a6-a083-4783-bd2a-b9c7a4f4e2aa e492a359-35d2-44d3-9ed5-db0d73ef5f26 1dfcdc1a-299d-49c8-bbfc-89640685e813</tstamps>
    </comp>
    <comp ref="U7">
      <value>LM7805_TO220</value>
      <footprint>Package_TO_SOT_SMD:TO-263-2</footprint>
      <datasheet>https://www.onsemi.cn/PowerSolutions/document/MC7800-D.PDF</datasheet>
      <libsource lib="Regulator_Linear" part="LM7805_TO220" description="Positive 1A 35V Linear Regulator, Fixed Output 5V, TO-220"/>
      <property name="Sheetname" value=""/>
      <property name="Sheetfile" value="Lamps_Type5.kicad_sch"/>
      <sheetpath names="/" tstamps="/"/>
      <tstamps>22846155-7ebf-4eb4-96d1-b8c2fddcebf0</tstamps>
    </comp>
  </components>
  <libparts>
    <libpart lib="Amplifier_Operational" part="LM358">
      <description>Low-Power, Dual Operational Amplifiers, DIP-8/SOIC-8/TO-99-8</description>
      <docs>http://www.ti.com/lit/ds/symlink/lm2904-n.pdf</docs>
      <footprints>
        <fp>SOIC*3.9x4.9mm*P1.27mm*</fp>
        <fp>DIP*W7.62mm*</fp>
        <fp>TO*99*</fp>
        <fp>OnSemi*Micro8*</fp>
        <fp>TSSOP*3x3mm*P0.65mm*</fp>
        <fp>TSSOP*4.4x3mm*P0.65mm*</fp>
        <fp>MSOP*3x3mm*P0.65mm*</fp>
        <fp>SSOP*3.9x4.9mm*P0.635mm*</fp>
        <fp>LFCSP*2x2mm*P0.5mm*</fp>
        <fp>*SIP*</fp>
        <fp>SOIC*5.3x6.2mm*P1.27mm*</fp>
      </footprints>
      <fields>
        <field name="Reference">U</field>
        <field name="Value">LM358</field>
        <field name="Datasheet">http://www.ti.com/lit/ds/symlink/lm2904-n.pdf</field>
      </fields>
      <pins>
        <pin num="1" name="" type="output"/>
        <pin num="2" name="-" type="input"/>
        <pin num="3" name="+" type="input"/>
        <pin num="4" name="V-" type="power_in"/>
        <pin num="5" name="+" type="input"/>
        <pin num="6" name="-" type="input"/>
        <pin num="7" name="" type="output"/>
        <pin num="8" name="V+" type="power_in"/>
      </pins>
    </libpart>
    <libpart lib="Connector" part="Conn_01x02_Male">
      <description>Generic connector, single row, 01x02, script generated (kicad-library-utils/schlib/autogen/connector/)</description>
      <docs>~</docs>
      <footprints>
        <fp>Connector*:*_1x??_*</fp>
      </footprints>
      <fields>
        <field name="Reference">J</field>
        <field name="Value">Conn_01x02_Male</field>
        <field name="Datasheet">~</field>
      </fields>
      <pins>
        <pin num="1" name="Pin_1" type="passive"/>
        <pin num="2" name="Pin_2" type="passive"/>
      </pins>
    </libpart>
    <libpart lib="Connector" part="Conn_01x04_Female">
      <description>Generic connector, single row, 01x04, script generated (kicad-library-utils/schlib/autogen/connector/)</description>
      <docs>~</docs>
      <footprints>
        <fp>Connector*:*_1x??_*</fp>
      </footprints>
      <fields>
        <field name="Reference">J</field>
        <field name="Value">Conn_01x04_Female</field>
        <field name="Datasheet">~</field>
      </fields>
      <pins>
        <pin num="1" name="Pin_1" type="passive"/>
        <pin num="2" name="Pin_2" type="passive"/>
        <pin num="3" name="Pin_3" type="passive"/>
        <pin num="4" name="Pin_4" type="passive"/>
      </pins>
    </libpart>
    <libpart lib="Device" part="C">
      <description>Unpolarized capacitor</description>
      <docs>~</docs>
      <footprints>
        <fp>C_*</fp>
      </footprints>
      <fields>
        <field name="Reference">C</field>
        <field name="Value">C</field>
        <field name="Datasheet">~</field>
      </fields>
      <pins>
        <pin num="1" name="" type="passive"/>
        <pin num="2" name="" type="passive"/>
      </pins>
    </libpart>
    <libpart lib="Device" part="C_Polarized">
      <description>Polarized capacitor</description>
      <docs>~</docs>
      <footprints>
        <fp>CP_*</fp>
      </footprints>
      <fields>
        <field name="Reference">C</field>
        <field name="Value">C_Polarized</field>
        <field name="Datasheet">~</field>
      </fields>
      <pins>
        <pin num="1" name="" type="passive"/>
        <pin num="2" name="" type="passive"/>
      </pins>
    </libpart>
    <libpart lib="Device" part="R">
      <description>Resistor</description>
      <docs>~</docs>
      <footprints>
        <fp>R_*</fp>
      </footprints>
      <fields>
        <field name="Reference">R</field>
        <field name="Value">R</field>
        <field name="Datasheet">~</field>
      </fields>
      <pins>
        <pin num="1" name="" type="passive"/>
        <pin num="2" name="" type="passive"/>
      </pins>
    </libpart>
    <libpart lib="MCU_Module" part="Arduino_Nano_v3.x">
      <description>Arduino Nano v3.x</description>
      <docs>http://www.mouser.com/pdfdocs/Gravitech_Arduino_Nano3_0.pdf</docs>
      <footprints>
        <fp>Arduino*Nano*</fp>
      </footprints>
      <fields>
        <field name="Reference">A</field>
        <field name="Value">Arduino_Nano_v3.x</field>
        <field name="Footprint">Module:Arduino_Nano</field>
        <field name="Datasheet">http://www.mouser.com/pdfdocs/Gravitech_Arduino_Nano3_0.pdf</field>
      </fields>
      <pins>
        <pin num="1" name="D1/TX" type="bidirectional"/>
        <pin num="2" name="D0/RX" type="bidirectional"/>
        <pin num="3" name="~{RESET}" type="input"/>
        <pin num="4" name="GND" type="power_in"/>
        <pin num="5" name="D2" type="bidirectional"/>
        <pin num="6" name="D3" type="bidirectional"/>
        <pin num="7" name="D4" type="bidirectional"/>
        <pin num="8" name="D5" type="bidirectional"/>
        <pin num="9" name="D6" type="bidirectional"/>
        <pin num="10" name="D7" type="bidirectional"/>
        <pin num="11" name="D8" type="bidirectional"/>
        <pin num="12" name="D9" type="bidirectional"/>
        <pin num="13" name="D10" type="bidirectional"/>
        <pin num="14" name="D11" type="bidirectional"/>
        <pin num="15" name="D12" type="bidirectional"/>
        <pin num="16" name="D13" type="bidirectional"/>
        <pin num="17" name="3V3" type="power_out"/>
        <pin num="18" name="AREF" type="input"/>
        <pin num="19" name="A0" type="bidirectional"/>
        <pin num="20" name="A1" type="bidirectional"/>
        <pin num="21" name="A2" type="bidirectional"/>
        <pin num="22" name="A3" type="bidirectional"/>
        <pin num="23" name="A4" type="bidirectional"/>
        <pin num="24" name="A5" type="bidirectional"/>
        <pin num="25" name="A6" type="bidirectional"/>
        <pin num="26" name="A7" type="bidirectional"/>
        <pin num="27" name="+5V" type="power_out"/>
        <pin num="28" name="~{RESET}" type="input"/>
        <pin num="29" name="GND" type="power_in"/>
        <pin num="30" name="VIN" type="power_in"/>
      </pins>
    </libpart>
    <libpart lib="Regulator_Linear" part="LM7805_TO220">
      <description>Positive 1A 35V Linear Regulator, Fixed Output 5V, TO-220</description>
      <docs>https://www.onsemi.cn/PowerSolutions/document/MC7800-D.PDF</docs>
      <footprints>
        <fp>TO?220*</fp>
      </footprints>
      <fields>
        <field name="Reference">U</field>
        <field name="Value">LM7805_TO220</field>
        <field name="Footprint">Package_TO_SOT_THT:TO-220-3_Vertical</field>
        <field name="Datasheet">https://www.onsemi.cn/PowerSolutions/document/MC7800-D.PDF</field>
      </fields>
      <pins>
        <pin num="1" name="VI" type="power_in"/>
        <pin num="2" name="GND" type="power_in"/>
        <pin num="3" name="VO" type="power_out"/>
      </pins>
    </libpart>
    <libpart lib="Transistor_BJT" part="BC517">
      <description>1A Ic, 30V Vce, Darlington NPN Transistor, TO-92</description>
      <docs>https://www.onsemi.com/pub/Collateral/BC517-D74Z-D.PDF</docs>
      <footprints>
        <fp>TO?92*</fp>
      </footprints>
      <fields>
        <field name="Reference">Q</field>
        <field name="Value">BC517</field>
        <field name="Footprint">Package_TO_SOT_THT:TO-92_Inline</field>
        <field name="Datasheet">https://www.onsemi.com/pub/Collateral/BC517-D74Z-D.PDF</field>
      </fields>
      <pins>
        <pin num="1" name="C" type="passive"/>
        <pin num="2" name="B" type="input"/>
        <pin num="3" name="E" type="passive"/>
      </pins>
    </libpart>
  </libparts>
  <libraries>
    <library logical="Amplifier_Operational">
      <uri>C:\Program Files\KiCad\6.0\share\kicad\symbols\/Amplifier_Operational.kicad_sym</uri>
    </library>
    <library logical="Connector">
      <uri>C:\Program Files\KiCad\6.0\share\kicad\symbols\/Connector.kicad_sym</uri>
    </library>
    <library logical="Device">
      <uri>C:\Program Files\KiCad\6.0\share\kicad\symbols\/Device.kicad_sym</uri>
    </library>
    <library logical="MCU_Module">
      <uri>C:\Program Files\KiCad\6.0\share\kicad\symbols\/MCU_Module.kicad_sym</uri>
    </library>
    <library logical="Regulator_Linear">
      <uri>C:\Program Files\KiCad\6.0\share\kicad\symbols\/Regulator_Linear.kicad_sym</uri>
    </library>
    <library logical="Transistor_BJT">
      <uri>C:\Program Files\KiCad\6.0\share\kicad\symbols\/Transistor_BJT.kicad_sym</uri>
    </library>
  </libraries>
  <nets>
    <net code="1" name="+5V">
      <node ref="A1" pin="27" pinfunction="+5V" pintype="power_out"/>
      <node ref="C26" pin="1" pintype="passive"/>
      <node ref="J2" pin="4" pinfunction="Pin_4" pintype="passive"/>
      <node ref="U7" pin="3" pinfunction="VO" pintype="power_out"/>
    </net>
    <net code="2" name="+12V">
      <node ref="C1" pin="1" pintype="passive"/>
      <node ref="C2" pin="1" pintype="passive"/>
      <node ref="C23" pin="1" pintype="passive"/>
      <node ref="C3" pin="1" pintype="passive"/>
      <node ref="J1" pin="1" pinfunction="Pin_1" pintype="passive"/>
      <node ref="Q1" pin="1" pinfunction="C" pintype="passive"/>
      <node ref="Q2" pin="1" pinfunction="C" pintype="passive"/>
      <node ref="Q3" pin="1" pinfunction="C" pintype="passive"/>
      <node ref="Q4" pin="1" pinfunction="C" pintype="passive"/>
      <node ref="Q5" pin="1" pinfunction="C" pintype="passive"/>
      <node ref="Q6" pin="1" pinfunction="C" pintype="passive"/>
      <node ref="U1" pin="8" pinfunction="V+" pintype="power_in"/>
      <node ref="U2" pin="8" pinfunction="V+" pintype="power_in"/>
      <node ref="U3" pin="8" pinfunction="V+" pintype="power_in"/>
      <node ref="U7" pin="1" pinfunction="VI" pintype="power_in"/>
    </net>
    <net code="3" name="AO0">
      <node ref="C15" pin="1" pintype="passive"/>
      <node ref="J4" pin="1" pinfunction="Pin_1" pintype="passive"/>
      <node ref="Q1" pin="3" pinfunction="E" pintype="passive"/>
      <node ref="R17" pin="2" pintype="passive"/>
      <node ref="R9" pin="2" pintype="passive"/>
    </net>
    <net code="4" name="AO1">
      <node ref="C16" pin="1" pintype="passive"/>
      <node ref="J5" pin="1" pinfunction="Pin_1" pintype="passive"/>
      <node ref="Q2" pin="3" pinfunction="E" pintype="passive"/>
      <node ref="R11" pin="2" pintype="passive"/>
      <node ref="R18" pin="2" pintype="passive"/>
    </net>
    <net code="5" name="AO2">
      <node ref="C17" pin="1" pintype="passive"/>
      <node ref="J6" pin="1" pinfunction="Pin_1" pintype="passive"/>
      <node ref="Q3" pin="3" pinfunction="E" pintype="passive"/>
      <node ref="R13" pin="2" pintype="passive"/>
      <node ref="R19" pin="2" pintype="passive"/>
    </net>
    <net code="6" name="AO3">
      <node ref="C18" pin="1" pintype="passive"/>
      <node ref="J7" pin="1" pinfunction="Pin_1" pintype="passive"/>
      <node ref="Q4" pin="3" pinfunction="E" pintype="passive"/>
      <node ref="R15" pin="2" pintype="passive"/>
      <node ref="R20" pin="2" pintype="passive"/>
    </net>
    <net code="7" name="AO4">
      <node ref="C24" pin="1" pintype="passive"/>
      <node ref="J8" pin="1" pinfunction="Pin_1" pintype="passive"/>
      <node ref="Q5" pin="3" pinfunction="E" pintype="passive"/>
      <node ref="R25" pin="2" pintype="passive"/>
      <node ref="R29" pin="2" pintype="passive"/>
    </net>
    <net code="8" name="AO5">
      <node ref="C25" pin="1" pintype="passive"/>
      <node ref="J9" pin="1" pinfunction="Pin_1" pintype="passive"/>
      <node ref="Q6" pin="3" pinfunction="E" pintype="passive"/>
      <node ref="R27" pin="2" pintype="passive"/>
      <node ref="R30" pin="2" pintype="passive"/>
    </net>
    <net code="9" name="GND">
      <node ref="A1" pin="29" pinfunction="GND" pintype="power_in"/>
      <node ref="A1" pin="4" pinfunction="GND" pintype="power_in"/>
      <node ref="C1" pin="2" pintype="passive"/>
      <node ref="C10" pin="2" pintype="passive"/>
      <node ref="C11" pin="2" pintype="passive"/>
      <node ref="C12" pin="2" pintype="passive"/>
      <node ref="C13" pin="2" pintype="passive"/>
      <node ref="C15" pin="2" pintype="passive"/>
      <node ref="C16" pin="2" pintype="passive"/>
      <node ref="C17" pin="2" pintype="passive"/>
      <node ref="C18" pin="2" pintype="passive"/>
      <node ref="C19" pin="2" pintype="passive"/>
      <node ref="C2" pin="2" pintype="passive"/>
      <node ref="C20" pin="2" pintype="passive"/>
      <node ref="C21" pin="2" pintype="passive"/>
      <node ref="C22" pin="2" pintype="passive"/>
      <node ref="C23" pin="2" pintype="passive"/>
      <node ref="C24" pin="2" pintype="passive"/>
      <node ref="C25" pin="2" pintype="passive"/>
      <node ref="C26" pin="2" pintype="passive"/>
      <node ref="C3" pin="2" pintype="passive"/>
      <node ref="C5" pin="2" pintype="passive"/>
      <node ref="C6" pin="2" pintype="passive"/>
      <node ref="C7" pin="2" pintype="passive"/>
      <node ref="C8" pin="2" pintype="passive"/>
      <node ref="J1" pin="2" pinfunction="Pin_2" pintype="passive"/>
      <node ref="J2" pin="1" pinfunction="Pin_1" pintype="passive"/>
      <node ref="J4" pin="2" pinfunction="Pin_2" pintype="passive"/>
      <node ref="J5" pin="2" pinfunction="Pin_2" pintype="passive"/>
      <node ref="J6" pin="2" pinfunction="Pin_2" pintype="passive"/>
      <node ref="J7" pin="2" pinfunction="Pin_2" pintype="passive"/>
      <node ref="J8" pin="2" pinfunction="Pin_2" pintype="passive"/>
      <node ref="J9" pin="2" pinfunction="Pin_2" pintype="passive"/>
      <node ref="R10" pin="1" pintype="passive"/>
      <node ref="R12" pin="1" pintype="passive"/>
      <node ref="R14" pin="1" pintype="passive"/>
      <node ref="R16" pin="1" pintype="passive"/>
      <node ref="R17" pin="1" pintype="passive"/>
      <node ref="R18" pin="1" pintype="passive"/>
      <node ref="R19" pin="1" pintype="passive"/>
      <node ref="R20" pin="1" pintype="passive"/>
      <node ref="R26" pin="1" pintype="passive"/>
      <node ref="R28" pin="1" pintype="passive"/>
      <node ref="R29" pin="1" pintype="passive"/>
      <node ref="R30" pin="1" pintype="passive"/>
      <node ref="U1" pin="4" pinfunction="V-" pintype="power_in"/>
      <node ref="U2" pin="4" pinfunction="V-" pintype="power_in"/>
      <node ref="U3" pin="4" pinfunction="V-" pintype="power_in"/>
      <node ref="U7" pin="2" pinfunction="GND" pintype="power_in"/>
    </net>
    <net code="10" name="Net-(C5-Pad1)">
      <node ref="C5" pin="1" pintype="passive"/>
      <node ref="R1" pin="2" pintype="passive"/>
      <node ref="R5" pin="1" pintype="passive"/>
    </net>
    <net code="11" name="Net-(C6-Pad1)">
      <node ref="C6" pin="1" pintype="passive"/>
      <node ref="R2" pin="2" pintype="passive"/>
      <node ref="R6" pin="1" pintype="passive"/>
    </net>
    <net code="12" name="Net-(C7-Pad1)">
      <node ref="C7" pin="1" pintype="passive"/>
      <node ref="R3" pin="2" pintype="passive"/>
      <node ref="R7" pin="1" pintype="passive"/>
    </net>
    <net code="13" name="Net-(C8-Pad1)">
      <node ref="C8" pin="1" pintype="passive"/>
      <node ref="R4" pin="2" pintype="passive"/>
      <node ref="R8" pin="1" pintype="passive"/>
    </net>
    <net code="14" name="Net-(C10-Pad1)">
      <node ref="C10" pin="1" pintype="passive"/>
      <node ref="R5" pin="2" pintype="passive"/>
      <node ref="U1" pin="3" pinfunction="+" pintype="input"/>
    </net>
    <net code="15" name="Net-(C11-Pad1)">
      <node ref="C11" pin="1" pintype="passive"/>
      <node ref="R6" pin="2" pintype="passive"/>
      <node ref="U1" pin="5" pinfunction="+" pintype="input"/>
    </net>
    <net code="16" name="Net-(C12-Pad1)">
      <node ref="C12" pin="1" pintype="passive"/>
      <node ref="R7" pin="2" pintype="passive"/>
      <node ref="U2" pin="3" pinfunction="+" pintype="input"/>
    </net>
    <net code="17" name="Net-(C13-Pad1)">
      <node ref="C13" pin="1" pintype="passive"/>
      <node ref="R8" pin="2" pintype="passive"/>
      <node ref="U2" pin="5" pinfunction="+" pintype="input"/>
    </net>
    <net code="18" name="Net-(C19-Pad1)">
      <node ref="C19" pin="1" pintype="passive"/>
      <node ref="R21" pin="2" pintype="passive"/>
      <node ref="R23" pin="1" pintype="passive"/>
    </net>
    <net code="19" name="Net-(C20-Pad1)">
      <node ref="C20" pin="1" pintype="passive"/>
      <node ref="R22" pin="2" pintype="passive"/>
      <node ref="R24" pin="1" pintype="passive"/>
    </net>
    <net code="20" name="Net-(C21-Pad1)">
      <node ref="C21" pin="1" pintype="passive"/>
      <node ref="R23" pin="2" pintype="passive"/>
      <node ref="U3" pin="3" pinfunction="+" pintype="input"/>
    </net>
    <net code="21" name="Net-(C22-Pad1)">
      <node ref="C22" pin="1" pintype="passive"/>
      <node ref="R24" pin="2" pintype="passive"/>
      <node ref="U3" pin="5" pinfunction="+" pintype="input"/>
    </net>
    <net code="22" name="Net-(J10-Pad1)">
      <node ref="J10" pin="1" pinfunction="Pin_1" pintype="passive"/>
      <node ref="J2" pin="2" pinfunction="Pin_2" pintype="passive"/>
    </net>
    <net code="23" name="Net-(J10-Pad2)">
      <node ref="J10" pin="2" pinfunction="Pin_2" pintype="passive"/>
      <node ref="J2" pin="3" pinfunction="Pin_3" pintype="passive"/>
    </net>
    <net code="24" name="Net-(Q1-Pad2)">
      <node ref="Q1" pin="2" pinfunction="B" pintype="input"/>
      <node ref="U1" pin="1" pintype="output"/>
    </net>
    <net code="25" name="Net-(Q2-Pad2)">
      <node ref="Q2" pin="2" pinfunction="B" pintype="input"/>
      <node ref="U1" pin="7" pintype="output"/>
    </net>
    <net code="26" name="Net-(Q3-Pad2)">
      <node ref="Q3" pin="2" pinfunction="B" pintype="input"/>
      <node ref="U2" pin="1" pintype="output"/>
    </net>
    <net code="27" name="Net-(Q4-Pad2)">
      <node ref="Q4" pin="2" pinfunction="B" pintype="input"/>
      <node ref="U2" pin="7" pintype="output"/>
    </net>
    <net code="28" name="Net-(Q5-Pad2)">
      <node ref="Q5" pin="2" pinfunction="B" pintype="input"/>
      <node ref="U3" pin="1" pintype="output"/>
    </net>
    <net code="29" name="Net-(Q6-Pad2)">
      <node ref="Q6" pin="2" pinfunction="B" pintype="input"/>
      <node ref="U3" pin="7" pintype="output"/>
    </net>
    <net code="30" name="Net-(R10-Pad2)">
      <node ref="R10" pin="2" pintype="passive"/>
      <node ref="R9" pin="1" pintype="passive"/>
      <node ref="U1" pin="2" pinfunction="-" pintype="input"/>
    </net>
    <net code="31" name="Net-(R11-Pad1)">
      <node ref="R11" pin="1" pintype="passive"/>
      <node ref="R12" pin="2" pintype="passive"/>
      <node ref="U1" pin="6" pinfunction="-" pintype="input"/>
    </net>
    <net code="32" name="Net-(R13-Pad1)">
      <node ref="R13" pin="1" pintype="passive"/>
      <node ref="R14" pin="2" pintype="passive"/>
      <node ref="U2" pin="2" pinfunction="-" pintype="input"/>
    </net>
    <net code="33" name="Net-(R15-Pad1)">
      <node ref="R15" pin="1" pintype="passive"/>
      <node ref="R16" pin="2" pintype="passive"/>
      <node ref="U2" pin="6" pinfunction="-" pintype="input"/>
    </net>
    <net code="34" name="Net-(R25-Pad1)">
      <node ref="R25" pin="1" pintype="passive"/>
      <node ref="R26" pin="2" pintype="passive"/>
      <node ref="U3" pin="2" pinfunction="-" pintype="input"/>
    </net>
    <net code="35" name="Net-(R27-Pad1)">
      <node ref="R27" pin="1" pintype="passive"/>
      <node ref="R28" pin="2" pintype="passive"/>
      <node ref="U3" pin="6" pinfunction="-" pintype="input"/>
    </net>
    <net code="36" name="OE">
      <node ref="A1" pin="5" pinfunction="D2" pintype="bidirectional"/>
      <node ref="J3" pin="2" pinfunction="Pin_2" pintype="passive"/>
      <node ref="J3" pin="3" pinfunction="Pin_3" pintype="passive"/>
    </net>
    <net code="37" name="PWM0">
      <node ref="A1" pin="14" pinfunction="D11" pintype="bidirectional"/>
      <node ref="R1" pin="1" pintype="passive"/>
    </net>
    <net code="38" name="PWM1">
      <node ref="A1" pin="13" pinfunction="D10" pintype="bidirectional"/>
      <node ref="R2" pin="1" pintype="passive"/>
    </net>
    <net code="39" name="PWM2">
      <node ref="A1" pin="12" pinfunction="D9" pintype="bidirectional"/>
      <node ref="R3" pin="1" pintype="passive"/>
    </net>
    <net code="40" name="PWM3">
      <node ref="A1" pin="9" pinfunction="D6" pintype="bidirectional"/>
      <node ref="R4" pin="1" pintype="passive"/>
    </net>
    <net code="41" name="PWM4">
      <node ref="A1" pin="8" pinfunction="D5" pintype="bidirectional"/>
      <node ref="R21" pin="1" pintype="passive"/>
    </net>
    <net code="42" name="PWM5">
      <node ref="A1" pin="6" pinfunction="D3" pintype="bidirectional"/>
      <node ref="R22" pin="1" pintype="passive"/>
    </net>
    <net code="43" name="RX">
      <node ref="A1" pin="2" pinfunction="D0/RX" pintype="bidirectional"/>
      <node ref="J3" pin="4" pinfunction="Pin_4" pintype="passive"/>
    </net>
    <net code="44" name="TX">
      <node ref="A1" pin="1" pinfunction="D1/TX" pintype="bidirectional"/>
      <node ref="J3" pin="1" pinfunction="Pin_1" pintype="passive"/>
    </net>
    <net code="45" name="unconnected-(A1-Pad3)">
      <node ref="A1" pin="3" pinfunction="~{RESET}" pintype="input+no_connect"/>
    </net>
    <net code="46" name="unconnected-(A1-Pad7)">
      <node ref="A1" pin="7" pinfunction="D4" pintype="bidirectional+no_connect"/>
    </net>
    <net code="47" name="unconnected-(A1-Pad10)">
      <node ref="A1" pin="10" pinfunction="D7" pintype="bidirectional+no_connect"/>
    </net>
    <net code="48" name="unconnected-(A1-Pad11)">
      <node ref="A1" pin="11" pinfunction="D8" pintype="bidirectional+no_connect"/>
    </net>
    <net code="49" name="unconnected-(A1-Pad15)">
      <node ref="A1" pin="15" pinfunction="D12" pintype="bidirectional+no_connect"/>
    </net>
    <net code="50" name="unconnected-(A1-Pad16)">
      <node ref="A1" pin="16" pinfunction="D13" pintype="bidirectional+no_connect"/>
    </net>
    <net code="51" name="unconnected-(A1-Pad17)">
      <node ref="A1" pin="17" pinfunction="3V3" pintype="power_out+no_connect"/>
    </net>
    <net code="52" name="unconnected-(A1-Pad18)">
      <node ref="A1" pin="18" pinfunction="AREF" pintype="input+no_connect"/>
    </net>
    <net code="53" name="unconnected-(A1-Pad19)">
      <node ref="A1" pin="19" pinfunction="A0" pintype="bidirectional+no_connect"/>
    </net>
    <net code="54" name="unconnected-(A1-Pad20)">
      <node ref="A1" pin="20" pinfunction="A1" pintype="bidirectional+no_connect"/>
    </net>
    <net code="55" name="unconnected-(A1-Pad21)">
      <node ref="A1" pin="21" pinfunction="A2" pintype="bidirectional+no_connect"/>
    </net>
    <net code="56" name="unconnected-(A1-Pad22)">
      <node ref="A1" pin="22" pinfunction="A3" pintype="bidirectional+no_connect"/>
    </net>
    <net code="57" name="unconnected-(A1-Pad23)">
      <node ref="A1" pin="23" pinfunction="A4" pintype="bidirectional+no_connect"/>
    </net>
    <net code="58" name="unconnected-(A1-Pad24)">
      <node ref="A1" pin="24" pinfunction="A5" pintype="bidirectional+no_connect"/>
    </net>
    <net code="59" name="unconnected-(A1-Pad25)">
      <node ref="A1" pin="25" pinfunction="A6" pintype="bidirectional+no_connect"/>
    </net>
    <net code="60" name="unconnected-(A1-Pad26)">
      <node ref="A1" pin="26" pinfunction="A7" pintype="bidirectional+no_connect"/>
    </net>
    <net code="61" name="unconnected-(A1-Pad28)">
      <node ref="A1" pin="28" pinfunction="~{RESET}" pintype="input+no_connect"/>
    </net>
    <net code="62" name="unconnected-(A1-Pad30)">
      <node ref="A1" pin="30" pinfunction="VIN" pintype="power_in+no_connect"/>
    </net>
  </nets>
</export>
